	date	category	content	sentiment_score
0	2022-04-26	Finance	singapore gic buying stake london paddington central office complex million . singaporean sovereign wealth fund gic agreed buy 75 percent stake british land paddington central office complex london 694 million pounds million adding signs growing asian investor appetite real estate assets european financial hub.	0.4760160632431507
1	2022-04-26	Cryptocurrencies	know investing fidelity bitcoin retirement accounts . morning crypto advocates crypto curious alike woke news asset management giant fidelity start allowing investors put bitcoin 401 k retirement savings accounts . however important read fine print.	0.027112397365272045
2	2022-04-26	Finance	student loan forgiveness 4 people likely oppose student loan cancellation . 4 people likely oppose mass student loan forgiveness.	-0.8272002637386322
3	2022-04-26	Finance	home buying becoming unaffordable americans experts predict housing market 2022. monthly mortgage payments nearly since last year double decade ago.	-0.9675832986831665
4	2022-04-26	Finance	examining ukrainian tax implications russia invasion . valeria tarasenko dentons kyiv discusses ukrainian government tax policy changes response russian invasion.	-0.015276523306965828
5	2022-04-26	Finance	79 percent americans believe money make happier . wrong . prioritizing pursuit money never contributes overall happiness life satisfaction.	-0.07925901530931394
6	2022-04-26	Finance	san francisco fintech biz seems gender problem . london new york even worse male.	-0.9553764164447784
7	2022-04-26	Stock Market	expect chipotle stock post q1 . chipotle mexican grill stock nyse cmg fast casual restaurant chain focuses fresh organic ingredients burritos salads scheduled report fiscal first quarter results tuesday april 26.	0.025490256026387215
8	2022-04-26	Cryptocurrencies	fidelity adds bitcoin 401 k options . consider . fidelity announced plans include bitcoin option retirement accounts later year.	0.007537406869232655
9	2022-04-26	Finance	q2 bear . cycle projections pointed weak q2 seen cycle charts.	-0.4814633075147867
10	2022-04-26	Stock Market	bear market looms relentless selling batters stocks even lower inflation help . careful wish morgan stanley analyst cautions one downside lower inflation.	-0.5025816336274147
11	2022-04-26	Finance	senate confirms lael brainard fed new vice chair . know .. sole democrat fed board governors one point favorite unseat chair powell.	0.0402282876893878
12	2022-04-26	Finance	biden reportedly considering broad student loan cancellation . biden administration sending signals week wide scale student loan forgiveness remains serious consideration.	-0.2529325634241104
13	2022-04-26	Finance	alphabet shares fall quarterly earnings reveal slowing revenue growth . earnings miss dragged alphabet shares lower stock nearly 20 percent month alone.	-0.9883682727813721
14	2022-04-26	Finance	elon musk person sure . knee jerk present passport use facebook whatever way get better public square . fortunately need . technology means deliver verifiability privacy enhancing manner let us hope mr. musk adopt creative approach.	0.17033353704027832
15	2022-04-26	Finance	robinhood lays 9 percent full time employees decline users . robinhood pandemic era gains receding ceo vlad tenev announced tuesday around 340 employees would laid.	-0.8934860825538635
16	2022-04-26	Stock Market	update lxfr april 26. luxfer lxfr reported q1 results last night . net sales .0 million period came slightly .7 million consensus forecast due supply chain constraints unfavorable foreign currency movements still represented strong year year growth 13.8 percent ...	0.4852421856485307
17	2022-04-26	Stock Market	tesla stock plunge wipes billion value twitter deal sparks fears . tesla shareholders happy twitter deal potentially diverting elon musk attention one analyst says.	-0.9521134495735168
18	2022-04-26	Finance	myth big bad billionaire . get distracted massive income inequality closer hand.	-0.024500752333551645
19	2022-04-26	Finance	inflation hits new aircraft deliveries escalating problem inflating solution . aviation industry experienced biggest drop demand history pandemic many airlines life support.	-0.9692644774913788
20	2022-04-26	Stock Market	stock market drops confirm end line bullishness . recent sharp declines market 2022 lows proof continued weakness	-0.9446263015270233
21	2022-04-26	Stock Market	stock market sell continues dow plunges 800 points ahead big tech earnings . stocks sale despite brief respite day earlier.	-0.32344377040863037
22	2022-04-26	Finance	musk twitter neuralink natural pairing . proving person capable actually canceling american president instigating near global debate free speech led buyout world richest man say aged pretty well.	0.3683128859847784
23	2022-04-26	Finance	charging order state llcs allowed avt . u.s. district court district utah issued charging order four state llcs overruling arguments court lacked personal jurisdiction llcs	-0.2489592283964157
24	2022-04-26	Stock Market	10 percent last month fortinet stock recover anytime soon . look change last five ten days stock lost 7.9 percent 9.4 percent respectively underperforming broader markets occasions.	-0.20885273814201355
25	2022-04-26	Finance	much money employment discrimination case worth . one size fits answer exists possible specifically identify types damages available spell amount determined.	0.010341877117753029
26	2022-04-26	Finance	europe faces higher recession risks u.s.a .. europe reliance imported energy part story.	0.09667930006980896
27	2022-04-26	Stock Market	80 percent correction rivian stock still risky bet . rivian stock seen sizeable correction falling 65 percent year date almost 80 percent time highs currently trades per share market cap around billion.	-0.4764073006808758
28	2022-04-26	Stock Market	revisiting stance tesla stock . revenue growth led primarily surging deliveries model 3 vehicles total deliveries 68 percent versus q1 2021 tesla also boosted average selling price per vehicle 10 percent year year around 000 prioritized deliveries premium trims ramped ...	0.49133118288591504
29	2022-04-26	Stock Market	strong q1 results set ibm stock rally . ibm posted stronger expected set q1 2022 results revenue growing 8 percent year year .2 billion adjusted earnings per share rising 25 percent year year .40.	0.9268710911273956
30	2022-04-26	Finance	verizon posts tough q1 . next . adjusted eps declined .35 per share .36 q1 2021 verizon expects full year earnings 2022 come lower end previously guided range .40 .55.	-0.6485719811171293
31	2022-04-26	Cryptocurrencies	coinbase nft partner 0x labs raises million greylock partners jump crypto jared leto . following successful integration coinbase newly launched nft marketplace san francisco based startup plans dabble nft tech decentralized finance.	0.13517667911946774
32	2022-04-26	Finance	3 rate resistant funds yielding 8.6 percent . want dividends keep us ahead rising prices hedging us volatility.	0.06011748127639294
33	2022-04-26	Finance	student loan cancellation less student loan forgiveness better . new research shows less student loan forgiveness may better student loan forgiveness . .	0.5959036648273468
34	2022-04-26	Stock Market	sap q1 results mixed stock still looks like buy . sap also says current cloud backlog stood 9.73 billion euros .5 billion 23 percent year year constant currency.	0.2289048358798027
35	2022-04-26	Finance	family offices rush hire legal counsel time regulation . us treasury department proposed corporations llc disclose name date birth address proof identification bid combat money laundering adds concern family offices claiming susceptible theft fraud kidnap.	-0.17059318721294403
36	2022-04-26	Stock Market	caterpillar stock rise q1 earnings . forecast indicates cat stock room growth current levels discuss.	0.53697869181633
37	2022-04-26	Stock Market	elon musk billion tesla margin debt benefit bill gates . complete billion twitter deal musk margin loans could top billion eroding tesla shares enriching bill gates	0.1772274561226368
38	2022-04-26	Stock Market	expect boston scientific stock following q1 earnings . revenues expected slightly consensus estimates trefis estimates boston scientific q1 2022 revenues around .0 billion slightly .9 billion consensus estimate.	0.015131179243326187
39	2022-04-26	Finance	despite student debt crisis high school seniors favor high cost high amenity colleges new survey finds . may 1 college decision day approaches teens worry costs enough seems tilt choices . parents surveyed.	0.19222448766231537
40	2022-04-26	Stock Market	fuel portfolio three petroleum stocks . gas prices reaching new time high march consider three petroleum stocks	0.16304211597889662
41	2022-04-26	Stock Market	tencent backer prosus invests kuok meng ru bandlab music platform accelerates expansion . bandlab cofounded kuok meng ru son palm oil billionaire kuok khoon hong received investment dutch private equity firm prosus ventures digital platform music creators accelerates expansion plans.	0.9016902148723602
42	2022-04-26	Stock Market	expect intercontinental exchange stock . reported total net revenues revenue minus transaction based expenses .8 billion 10 percent year ago period.	0.006780331488698721
43	2022-04-26	Finance	pboc state council lift internet consumption plays . asian equities largely higher . mainland china australia returned yesterday holiday 2.08 percent commodity prices retreated.	0.055576443672180176
44	2022-04-26	Stock Market	discover financial stock post mixed results q1 . growth nii higher net interest margin outstanding loan balances non interest revenues benefited recovery card purchase volume 25 percent.	-0.003907352685928345
45	2022-04-26	Finance	millennials shelling big racks fine art work . catalyzed higher incomes ubiquitousness internet millennials purchasing art generations . last two years 22 37 year old adults bought almost half artwork priced million.	0.010368673751751581
46	2022-04-27	Finance	austria carbon tax almost . provide blueprint western nations . austria carbon tax become reality . might thing move needle issue minds american lawmakers taxpayers economic incentive.	0.06384920282289386
47	2022-04-27	Finance	critics private equity nursing home ownership living past . industry experts tell increasingly big investors senior services abandoning nursing facilities favor far lucrative home health business cases private pay senior housing.	-0.049569410271942616
48	2022-04-27	Finance	correct cash allocation retirement portfolio zero . cash bucket real return 8.4 percent . empty.	0.18930138275027275
49	2022-04-27	Cryptocurrencies	art tokenization picasso painted onto blockchain . got nothing nfts.	-0.0014380328357219696
50	2022-04-27	Stock Market	expect mcdonald stock q1 . mcdonald stock nyse mcd world largest restaurant chain consisting 40 000 mostly franchised stores scheduled report fiscal first quarter results thursday april 28.	0.0033950014039874077
51	2022-04-27	Stock Market	roku stock hit bear note ahead earnings . roku roku underperforming charts 61.8 percent year date overhead pressure 50 day moving average.	-0.029003292322158813
52	2022-04-27	Cryptocurrencies	bitcoin breaks line hell pay . always said bitcoin true use case investors speculative barometer whose price pure function risk taking appetite tied amount liquidity markets viral disastrously misinformed notion never ending government stimulus.	-0.3710939697921276
53	2022-04-27	Stock Market	us stocks look . bottom line benchmark p 500 spx midst major downtrend initiated late january year.	-0.4559344910085201
54	2022-04-27	Finance	student loan forgiveness 000 getting likely says top democrat could catch . momentum towards form broad student loan forgiveness initiative appears building president biden seriously contemplates using executive action cancel student debt broad swath borrowers . could catch.	0.4506633107860883
55	2022-04-27	Stock Market	robinhood troubles could get worse stock hits record low amid layoffs looming quarterly earnings . stock could take hit revenue user growth continue disappoint analysts warn.	-0.985976368188858
56	2022-04-27	Finance	errors poor data complicate student loan forgiveness gao report finds . student loan payments 2014 may counted properly toward student loan forgiveness.	-0.0904880166053772
57	2022-04-27	Cryptocurrencies	ftx us proposal shook congress crypto derivatives world . story review timeline events regarding proposal first interview brett harrison president ftx us breaks proposal significant belief type margin clearing actually reduces global systemic risks.	0.04993276298046112
58	2022-04-27	Finance	ric edelman new project teaches advisors digital assets . ric edelman founded became largest independent ria u.s. last summer quit order build new business teaches advisors blockchain digital assets clients want buy.	0.015615219250321388
59	2022-04-27	Finance	make negative returns positive portfolio . worst thing retreat bad markets cashing . mean take action . fact wise financial moves consider market.	-0.1352770843077451
60	2022-04-27	Finance	bond market vigilantes back overriding federal reserve go slow policy . wall street break federal reserve opens financial markets sizable volatile adjustments	-0.9369896054267883
61	2022-04-27	Finance	covid 19 cases rise bureau prisons slowly still transferring inmates cares act . 7 000 inmates bureau prisons transferred home confinement cares act . many prisoners sick remain prison allowed go home.	-0.2995865416402618
62	2022-04-27	Stock Market	time buy netflix alphabet experts say beaten tech stocks value plays . analysts say big tech stocks today value buys.	0.32449569553136826
63	2022-04-27	Finance	taiwan 50 richest 2022 despite pandemic challenges collective wealth rises billion . wealth 50 richest reveal mixed picture 23 adding net worth 24 seeing decline.	-0.06848689913749695
64	2022-04-27	Cryptocurrencies	doom loop crypto exchange founder suddenly flips shock bitcoin price prediction ethereum bnb xrp solana cardano luna avalanche dogecoin crash back . co founder bitcoin crypto exchange bitmex outlined sees bitcoin price eventually hitting million far bullish price prediction made earlier month ...	0.43743677996098995
65	2022-04-27	Finance	business missed corp tax deadline . deadline existing llcs c corporations elect corporation tax treatment tax year 2022 march 15. happens business missed corp deadline	-0.4957386562600732
66	2022-04-27	Cryptocurrencies	bitcoin prices bounce back falling lowest since mid march . bitcoin prices appreciated last days rising 4 percent less 24 hours . analysts cited multiple variables explaining latest appreciation.	-0.0247432142496109
67	2022-04-27	Finance	aging parents issues home care workers . elders want age place home may need help . getting home care worker difficult . learn ways avoid unnecessary stress.	-0.4937316095456481
68	2022-04-27	Cryptocurrencies	edward snowden revealed key participant mysterious ceremony creating billion anonymous cryptocurrency . notorious whistle blower acknowledges sixth person participated elaborate 2016 ceremony led creation zcash leading privacy protecting cryptocurrency valued billion.	0.057238835375756025
69	2022-04-27	Finance	judge rejects elon musk bid end supervision tesla tweets billionaire arguments meritless ironic . none arguments hold water federal judge said wednesday latest ruling stemming musk funding secured tweet 2018.	-0.18732131272554398
70	2022-04-27	Stock Market	sirius stock trade higher post q1 . full year 2022 sirius expects self pay net subscriber additions approximately 500 000 total revenue approximately billion adjusted ebitda .8 billion free cash flow .6 billion.	0.5032785311341286
71	2022-04-27	Stock Market	merck stock rise q1 results . expect merck post upbeat q1 results also find stock room growth current levels discuss.	0.4967378228902817
72	2022-04-27	Finance	4 days left buy bonds paying 8.5 percent . four days end april buy u.s. treasury bonds pay 8.54 percent next year.	0.03194664977490902
73	2022-04-27	Finance	billionaire mukesh ambani reliance billion jv build abu dhabi petrochemical plant . reliance industries controlled billionaire mukesh ambani signed agreement partner abu dhabi national oil company adnoc build billion petrochemical production facility abu dhabi indian energy giant makes maiden investment middle east.	0.5222417712211609
74	2022-04-27	Finance	singapore keppel sembcorp marine merging create world biggest oil rig builder . unit conglomerate keppel corp. sembcorp marine controlled singapore state linked investment firm temasek agreed merge create world largest builder oil rigs.	0.1904933601617813
75	2022-04-27	Cryptocurrencies	stagflation could trigger global bitcoin adoption . period central banks experience zugzwang situation monetary tools meant control rising inflation lead higher unemployment lower economic production.	-0.9351764619350433
76	2022-04-27	Finance	xi lays bare china economic delusion . problem china official economic statistics long aspirational rather actual.	-0.17067678645253181
77	2022-04-27	Stock Market	market rewarding mgm resorts stock . shares mgm resorts nyse mgm observing investor optimism despite sharp declines reported peers wynn resorts las vegas sands.	0.8659038841724396
78	2022-04-27	Finance	uncle sam ends us solar navigate fallout . obama administration energy policy promoted breakthrough research cleaner sources sanctioning unprecedented construction needed infrastructure including pipelines . trump clearly favored drilling new wind solar . biden however policy often none.	0.04747164994478226
79	2022-04-27	Finance	biden canceling student loan debt . reporting incorrectly claimed biden considering canceling student loan debt.	-0.9347566664218903
80	2022-04-27	Cryptocurrencies	wrestling russia blockchain six likely sanctions imposed . remains common knowledge crypto defi provide enough liquidity allow russia bypass swift related sanctions entirely . however six possible blockchain based sanctions imposed russia belarus limit historical sanction evasion strategies	0.007668423155943553
81	2022-04-27	Stock Market	norfolk southern stock move higher following q1 results . believe norfolk southern navigate well q1 also find nsc stock undervalued current levels discuss.	0.9229195415973663
82	2022-04-27	Finance	investors eyeing coca cola blowout quarterly earnings report . coca cola reported quarterly numbers topped expectations . means investors.	0.263913005279998
83	2022-04-27	Finance	want retire investing fossil fuel free . women often associated caring environment fossil fuel free investing . makes sense given use term mother nature . sow fossil free rating system incorporates desire fossil fuel free pursuing investing goals carefree retirement	0.04604236362501979
84	2022-04-27	Cryptocurrencies	crypto bahamas kicks country solidifies plans become leading digital asset hub amidst market uncertainty . island nation hosting exclusive crypto focused conference speakers including bill clinton tony blair.	0.4852973185479641
85	2022-04-27	Stock Market	despite flat revenues micron technology stock doubled since 2018 . comes surprise company witnessed marginal rise revenues period slight drop outstanding share count.	-0.9857256412506104
86	2022-04-27	Stock Market	warren buffett stocks holding well sell . 3 value stocks held warren buffett charlie munger berkshire hathaway portfolio holding better big name big tech stocks nasdaq 100.	0.27018128521740437
87	2022-04-27	Stock Market	nortonlifelock stock returned 35 percent since 2018 . nlok total revenue grown 7.5 percent .6 billion 2018 .8 billion ltm basis.	0.5034968256950378
88	2022-04-27	Finance	china gov goes q1 earnings power rebound . asian equities following us equity market downdraft china hong kong markets.	0.006729781627655029
89	2022-04-27	Cryptocurrencies	revealing economics metaverse . unreality metaverse something teach nature money investing.	-0.0006439168937504292
90	2022-04-27	Cryptocurrencies	manager world first nft fund talks nft evolution future crypto assets . people think non fungible tokens immediately look digital artwork sometimes music videos . kind instance nfts represent original something digital.	0.013332298335929712
91	2022-04-27	Finance	3 midcap dividends defy inflation putin xi . secure payers benefit today trends.	0.5787582248449326
92	2022-04-27	Stock Market	microsoft cloud 9 smashing expectations . biggest tech company nobody ever talks business booming . price .22 microsoft trades 25x forward earnings 11.4x sales . company profit margins 38.5 percent.	0.34967197198420763
93	2022-04-27	Stock Market	mastercard stock top consensus q1 . growth driven 53 percent jump cross border volume followed 23 percent increase gross dollar volume 27 percent rise switched transactions.	0.49632308445870876
94	2022-04-27	Finance	biden scary death wealth tax plans . president budget floats repeal step basis death . death instead tax basis going market value income tax would triggered . estate transfers house child would sale tax purposes.	0.029334743274375796
95	2022-04-27	Cryptocurrencies	fitness metaverse tech company trades sweat crypto nfts . olivex wants earn burn . hong kong based digital fitness company rewards players crypto nfts flee marauding pirates monsters across dystopian wasteland.	-0.060547675006091595
96	2022-04-28	Finance	baidu gets green light autonomous beijing taxis premier li highlights internet companies . asian equities strong night markets gained led japan yen hit low versus us dollar seen since 2002.	-0.23222993314266205
97	2022-04-28	Finance	5 money apps ever need . financial apps promise make managing money simple even enjoyable deliver . 5 favorites.	0.01804008986800909
98	2022-04-28	Stock Market	cathie wood ark fund plunges two year low teladoc stock crashes tesla slips . skyrocketing 150 percent 2020 ark flagship fund plunged nearly 70 percent time high last year.	-0.9558969140052795
99	2022-04-28	Finance	earnings preview expect apple today . apple inc. scheduled report earnings today close . closer look.	-0.006246144572893779
100	2022-04-28	Stock Market	meta stock surging 18 percent despite underwhelming quarterly results . even amid weaker guidance meta shares surged user growth bounced back.	0.9684722125530243
101	2022-04-28	Finance	wondering rmd got smaller . wondering year required minimum distribution rmds amount got smaller reason . 2020 irs updated table used calculate required minimum distributions rmds age 72 older assets certain qualified retirement plans.	-0.13754152258237204
102	2022-04-28	Finance	free college already option states . free college already option states know look understand options.	0.0847211629152298
103	2022-04-28	Stock Market	glaxosmithkline reports robust 1q22 earnings beats street estimates . gsk delivered stellar result 1q22 turnover increasing 32 percent yoy 32 percent yoy constant exchange rate cer 9.8 billion 10.5 percent vs. consensus.	0.9705941379070282
104	2022-04-28	Finance	russian tycoon oleg tinkov sells bank stake oligarch vladimir potanin . former billionaire sold 35 percent stake tinkoff bank russia richest man vladimir potanin social media rant insane war ukraine.	-0.4580860324203968
105	2022-04-28	Finance	biden says decision student loan forgiveness coming within weeks stands . president biden told reporters thursday considering taking executive action broadly cancel student loan debt decision may imminent . need know.	-0.04109519657989343
106	2022-04-28	Finance	educational revolution waiting happen . right online learning alive well level advanced education.	0.07377346698194742
107	2022-04-28	Finance	blackrock new thematic etfs track transformative megatrends . three megatrends transforming world said etf firm ishares launching thematic etfs capture opportunity niche markets.	0.39828214421868324
108	2022-04-28	Finance	week credit card news shopping amazon cashierless stores surge digital banking . took place week credit card payment industries	0.05549900280311704
109	2022-04-28	Stock Market	stocks rebound dow jumps 600 points strong earnings reports boost markets . markets attempted come back steep losses week.	-0.07647749781608582
110	2022-04-28	Stock Market	markets watch future recession already . recession defined two quarters negative growth rather speculate future recession today negative q1 gdp release middle one	-0.890692800283432
111	2022-04-28	Stock Market	update jbss rbbn cls april 28. john b. sanfilippo son jbss reported fiscal 2022 q3 results last night . net sales period rose 5.1 percent year year .6 million exceeded consensus estimate .1 million 8.1 percent increase weighted average sales price per pound resulting company ...	0.4969617463648319
112	2022-04-28	Finance	robinhood shares crater dismal earnings monthly active users fall 10 percent year ago . robinhood stock plunged amid drop users shrinking revenue.	-0.9891050457954407
113	2022-04-28	Finance	irs clawback proposed regulation causes confusion playing field . irs assault various planning strategies court cases treasury regulation pronouncements proposed regulations result unpredictability make day day life estate tax planners interesting say least.	-0.48238443629816175
114	2022-04-28	Cryptocurrencies	irs foreign tax enforcers warn nfts pose growing money laundering risks . thursday regulators issued new warning growing risks money laundering fraud nonfungible tokens.	-0.8071567118167877
115	2022-04-28	Cryptocurrencies	bitcoin climbs 000 struggles stay level . bitcoin prices broke 000 quickly retreated repeating process multiple times . analysts comment next digital currency.	-0.046284533416231476
116	2022-04-28	Finance	power diversity equity inclusion improve risk adjusted returns private equity . last month iadei launched research library one largest open source collections research impact diversity inclusion investing . distilling 148 articles iadei finds dei may improve performance reduce risk private equity portfolios . read	0.4928947351872921
117	2022-04-28	Finance	three things country needs student loans college costs . time get beyond questions whether people pay address fundamental problems made things go wrong.	-0.008352315053343773
118	2022-04-28	Finance	financial literacy help lead towards financial independence . financial literacy raising public awareness importance maintaining smart money management habits . know greater financial literacy associated greater financial well.	0.06821245948473613
119	2022-04-28	Finance	going older workers . roughly 1.3 million people age 55 older retired today would expect absent pandemic.	-0.3966849911957979
120	2022-04-28	Finance	4 percent withdrawal fallacy gets worse . decades plain vanilla financial advisors pitched 4 percent withdrawal rate retirement solution ...	-0.464049506932497
121	2022-04-28	Finance	congress modestly expand child tax credit still help low income families . president biden congressional democrats make another push reach compromise social spending climate change tax bill key issue child tax credit ctc.	0.4865648075938225
122	2022-04-28	Stock Market	vale stock decline sharply recent weeks . stock underperformed broader markets vale stock declined levels around .60 february 2020 pre crisis peak levels around march 2020 markets bottomed implying vale stock lost 50 percent approximate pre crisis peak.	-0.9870096743106842
123	2022-04-28	Finance	zombified japan shows world spend trillion . bottom line bank japan trillion stimulus boom backfired . trying reanimate things boj largess zombified large swaths economy.	-0.0971643291413784
124	2022-04-28	Cryptocurrencies	asian billionaires hotel groups build virtual lands decentraland sandbox metaverse . singaporean billionaire kwek leng beng millennium hotels resorts billionaire lo family regal hotels group hong kong taking first steps metaverse purchasing virtual properties blockchain gaming platforms decentraland sandbox.	0.04269654909148812
125	2022-04-28	Finance	james murdoch bodhi tree invest .8 billion billionaire mukesh ambani backed viacom18 . bodhi tree systems backed james murdoch youngest son media tycoon rupert murdoch investing 135 billion rupees .8 billion billionaire mukesh ambani viacom18 create one largest tv digital streaming companies india.	0.0756062800064683
126	2022-04-28	Finance	easy financial health fixes retirement . putting checkups routine healthcare screenings leave fewer treatment options comes physical health avoiding talking finances impact financial health.	-0.26534580811858177
127	2022-04-28	Finance	fed pushing economy recession . stocks shaky	-0.4735291423276067
128	2022-04-28	Finance	new york problems budget . mayor eric adams presented relatively modest budget . city biggest problems spending taxation mayor city need luck overcome.	-0.22365096832315126
129	2022-04-28	Stock Market	gm posts earnings beat stock still trading cheap . general motors posted stronger expected set q1 fy 2022 results raised full year earnings guidance showing signs strong comeback relatively muted 2020 2021.	0.8288611173629761
130	2022-04-28	Finance	invest self directed ira socially responsible ways . known environmental social governance esg investing strategy allows invest money ways align beliefs values supporting causes believe.	0.08309744857251644
131	2022-04-28	Finance	volatility opportunity digital assets african markets . crypto shown us healthy growing markets also volatile . crypto volatility accepted extent sought opportunity true african currencies	0.1506213735168179
132	2022-04-28	Stock Market	expect bristol myers squibb stock q1 results . bmy stock seen 23 percent rise ytd outperforming peers broader markets primarily due increase dividends boosting share repurchase program.	0.4950459757819772
133	2022-04-28	Cryptocurrencies	deja vu legendary trader called 2018 bitcoin crash issues stark prediction price bitcoin ethereum bnb xrp solana cardano dogecoin sink . legendary analyst called 80 percent bitcoin crash 2018 say bitcoin price another major shakedown . meanwhile price ethereum bnb xrp solana cardano dogecoin mixed.	0.02372266786793868
134	2022-04-28	Cryptocurrencies	securing retirement buying bitcoin 401k . fidelity announced begin allowing plan administrators incorporate bitcoin within 401ks . start investing retirement dollars cryptocurrency make sure matches savings goals.	0.06589171600838502
135	2022-04-28	Stock Market	q1 earnings beat raise servicenow ceo sees 56 percent stock upside . servicenow beats raises ceo says stock 56 percent upside	0.20145655050873756
136	2022-04-28	Finance	u.s. digital asset strategy needs stronger tax focus . months weeks leading irs tax filing deadline old narrative swiftly emerged taxpayers still largely dark proper tax treatment digital assets virtual currencies.	-0.09175750613212585
137	2022-04-28	Finance	6 tax increases biden proposed . one biggest changes president hopes make would tax death . proposal repeal step basis . generations everyone gets step basis income tax purposes die . president wants repeal.	0.07907300367951393
138	2022-04-28	Finance	u.s. economy shrank 1.4 percent last quarter worst showing since covid recession new gdp estimate shows . government blamed unexpected decline omicron variant covid 19 decreased government assistance.	-0.9665481746196747
139	2022-04-28	Stock Market	expect honeywell stock reports q1 earnings . revenues expected consensus estimates trefis estimates honeywell q1 2022 revenues around .4 billion compared .3 billion consensus estimate.	0.017990848515182734
140	2022-04-28	Stock Market	stock better pick occidental petroleum . rising production numbers benchmark oil prices companies reported strong growth figures 2021.	0.5557771325111389
141	2022-04-28	Finance	mented cosmetics disrupts billion beauty sector igniting cultural capital . mented disrupting u.s. beauty cosmetic market expected reach billion end 2022. black owned beauty brands igniting cultural capital address specific needs women color continue stand forefront innovation companies sector.	-0.35883601009845734
142	2022-04-28	Finance	companies leaving russia easy . russia western world divorce heats . leave kicking screaming.	-0.07585213085015614
143	2022-04-28	Finance	new proposal would prevent biden canceling student loans . congress prevent president biden enacting student loan cancellation	-0.4749402850866318
144	2022-04-28	Finance	many college students may return next fall aid applications hot job market suggest . percentage current students completing fafsa form reached staggering lows compared pandemic poorest students showing sharpest decline.	-0.6230260282754898
145	2022-04-29	Finance	small employers beware new state retirement plan mandates . either automatically enroll workers state sponsored retirement program sponsor plan qualifying private plan.	-0.04334926512092352
146	2022-04-29	Cryptocurrencies	inside coinbase nft marketplace company helps power . last week coinbase largest cryptocurrency exchange u.s. finally launched long awaited marketplace digital collectibles.	0.08733414486050606
147	2022-04-29	Cryptocurrencies	elon musk deleting twitter investors know . idea elon musk deleting twitter investors minds week . could mean company goes private.	-0.043965624645352364
148	2022-04-29	Finance	8 easiest residency options right . looking establish backup residency mexico panama ecuador colombia dominican republic nicaragua portugal northern cyprus mind . ...	0.042927443981170654
149	2022-04-29	Finance	edward snowden taught zcash ceo zooko wilcox cia trick help keep creation ceremony secure . fall 2016 cryptocurrency world aflutter excitement creation new kind cryptocurrency zcash.	0.03569011576473713
150	2022-04-29	Cryptocurrencies	swiss government helping bitcoin grow . inclusive regulation pragmatic laws allowing switzerland crypto sector flourish.	0.21699362248182297
151	2022-04-29	Stock Market	update mitk matw synh april 29. mitek systems mitk reported fiscal 2022 q2 results close market yesterday . total revenue period increased 20.6 percent year year .7 million marked new quarterly record adjusted net income jumped 48.6 percent .8 million 24 cents per share . ...	0.3454453994830449
152	2022-04-29	Stock Market	amazon stock erases billion one day inflation triggers surprise loss ugly selloff . shares amazon plummeted 30 percent time high set last year.	-0.9788084030151367
153	2022-04-29	Finance	nasdaq posts worst month since 2008 dow plunges 900 points market sell continues . stocks hit new lows 2022 amid ongoing tech sell april.	-0.9780650734901428
154	2022-04-29	Finance	perfect storm timely perspective every investor . 2022 extremely unkind year investors . question investors answer runs counterintuitive may think.	-0.30455698041866225
155	2022-04-29	Finance	widowhood comes second act purpose . learned husband death helped build business help others handle myriad tasks	0.04923658166080713
156	2022-04-29	Finance	getting handle inflation affects far money takes retirement . gen xers inflation impact retirement strategy	-0.01954943686723709
157	2022-04-29	Stock Market	stock market fear overdue ready reappearance . wall street waiting investor fear show	-0.06228376179933548
158	2022-04-29	Cryptocurrencies	meet vermont startup amazon gucci google betting could disney metaverse . superplastic founded paul budnitz 2017 taken new funding kering sony japan animoca build global entertainment brand web3 era.	0.05540905147790909
159	2022-04-29	Finance	retailers scramble adapt inflation supply chain woes persist . rules retailing rewritten hope fades inflation subside time soon supply chain disruptions easing . ongoing challenges retailers scrambling daily reinvent operate conditions seem lurch quarter quarter.	-0.6328945929805437
160	2022-04-29	Finance	hopeful future midlife entrepreneurship . read inspiring stories three mid life entrepreneurs	0.05354723706841469
161	2022-04-29	Finance	robinhood losses spell end era young investors never traded downturn . meme generation meets potential bear market first time	0.11971814930438995
162	2022-04-29	Finance	internet regulation cycle eases domestic consumption becomes job 1 week review . asian equities strong day except india philippines mainland china hong kong outperformed.	0.462058050557971
163	2022-04-29	Stock Market	5 undervalued buffett stocks ahead annual meeting . berkshire hathaway host event person first time since 2019	0.045183589681982994
164	2022-04-29	Finance	upepa commercial speech exception examined first time boshears . u.s. district court western district washington entered order motion dismiss interprets commercial speech exception protections washington uniform public expression protection act.	0.02846808871254325
165	2022-04-29	Finance	china juicing gdp data economists help wonder . constructing bigger murkier great firewall around information curbing media freedom including going hong kong press xi jinping made china black box decade ago.	-0.03237570449709892
166	2022-04-29	Cryptocurrencies	world dominant coin legendary bitcoin whale reveals surprise top three crypto picks price volatility hits ethereum others . legendary crypto investor lauded bitcoin jesus returned public sphere ...	0.019789379090070724
167	2022-04-29	Finance	malaysia awards digital bank licenses groups led grab sea axiata boost . malaysian central bank awarded digital banking licenses groups led ride hailing food delivery giant grab holdings shopee owner sea group malaysian lender rhb bank southeast asia nation seeks embrace online financial services amid e commerce boom.	0.9283927977085114
168	2022-04-29	Stock Market	ford q1 results mixed outlook strong . ford posted mixed set q1 2022 results company continued witness strong demand although production weighed continued supply chain issues rising inflation.	-0.01615479588508606
169	2022-04-29	Cryptocurrencies	historic milestone bitcoin poised billion buying frenzy ethereum bnb xrp solana cardano dogecoin prices plateau . bitcoin reached historic milestone open billion floodgates summer . meanwhile price ethereum bnb xrp solana cardano dogecoin flattened.	-0.342179278532664
170	2022-04-29	Stock Market	expect pfizer q1 . believe q1 results may consensus find pfe stock undervalued current levels discussed.	0.4529351834207773
171	2022-04-29	Finance	financial education essential aging spouse manage money . many traditional marriages man handles money . patriarch cognitive decline finances endangered . learn steps take prevent financial loss.	-0.2123799731489271
172	2022-04-29	Finance	bernie sanders running president could mean student loans . student loans get canceled	-0.918915182352066
173	2022-04-29	Stock Market	yelp still relevant post 13 percent fall . yelp stock declined around since beginning 2022 similarly compared 13 percent fall p index.	-0.9858317673206329
174	2022-04-29	Finance	first quarter gdp stronger reported 1.4 percent decline peel onion . first quarter saw reported decline economy dive numbers shows underlying strength growth.	-0.03877905011177063
175	2022-04-29	Stock Market	american international group stock pass street expectations q1 . premiums grew 189 percent .7 billion life retirement division driven higher pension risk transfer sales quarter.	0.515734501183033
176	2022-04-29	Stock Market	elon musk sells tesla stock bringing total sales billion week . musk offloaded another 5.2 million tesla shares thursday.	0.34068797901272774
177	2022-04-29	Finance	inflation peaked fed favorite indicator says maybe despite another startling reading . one closely watched inflation indicator fell first time since october 2020.	-0.15861296653747559
178	2022-04-29	Finance	hong kong fintech unicorn looks raise million yet another funding round bloomberg . seven year old startup already raised total million since march last year investors across three funding rounds.	0.5667316019535065
179	2022-04-29	Finance	simple guide investing modern entrepreneur . finding success entrepreneur exciting profits tips help develop 21st century investing strategy.	0.03872296214103699
180	2022-04-29	Stock Market	bearish sentiment jetblue airways stock reverse anytime soon . jetblue domestic business expected assist earnings cash generation long term trefis machine learning engine estimates 54 percent chance rise coming weeks comparing recent downtrend historical stock price movements.	0.38628295809030533
181	2022-04-30	Finance	time usury limits credit card interest rates . going worry inflation rates effect economy better consider main drivers country fiscal outlook.	0.0024561723694205284
182	2022-04-30	Finance	blame fed part ii inflation . biggest surprise month 1.4 percent real gdp print preliminary market consensus 1.0 percent greeted yawn thursday april 28 components pushing gdp consumer spending issues.	-0.48734399676322937
183	2022-04-30	Finance	medical debt major source consumer complaints new watchdog report shows . according new report consumer financial protection bureau medical debt key source consumer complaints debt collection credit reporting.	-0.38949530432000756
184	2022-04-30	Finance	hedge funds protected wealth q1 lagged market march . hedge fund performance numbers march first quarter finally . data intelligence shows hedge funds generally protected wealth	-0.28049878776073456
185	2022-04-30	Stock Market	storm clouds looming stock market . many reasons bearish stock market least short term war inflation monetary tightening fiscal spending declining 2022.	-0.6518332958221436
186	2022-04-30	Finance	zero expense ratio etfs lower costs help boost returns . mutual funds exchange traded funds etf main cost investor expense ratio . paying smaller expense ratio help increase investor returns . six etfs currently charge expense ratio.	0.4065328335855156
187	2022-04-30	Finance	highlights berkshire hathaway annual meeting . berkshire hathaway annual woodstock capitalists held april 30th . two years virtual annual meetings energy high return person meetings attendance recent years.	-0.0030391604329148927
188	2022-04-30	Stock Market	warren buffett cautions stock market casino charlie munger slams robinhood . buffett right hand man harsh words wall street berkshire hathaway annual shareholder meeting.	-0.6093813478946686
189	2022-04-30	Finance	8 things learned 2022 berkshire hathaway meeting . today warren buffett charlie munger held court 2022 berkshire hathaway shareholder meeting . learned.	0.014598661102354527
190	2022-04-30	Finance	best time twitter creator . twitter incredible position attract new set creators help monetize better content better way enabling crypto payments	0.2808749955147505
191	2022-04-30	Finance	top tips effective charitable giving . give charity primarily feels good . strategic intentional charitable giving increase effectiveness giving increase donor satisfaction.	0.2310945950448513
192	2022-04-30	Finance	one chart calls market tops bottoms . chart perfect could one chart analyze stock markets would one.	-0.05703572742640972
193	2022-04-30	Finance	biden confirms cancel 000 student loans 5 key takeaways . official biden says cancel 000 student loans.	-0.33975036442279816
194	2022-04-30	Finance	working home worker bargaining power . teleworking signal power shift workers employers due tight labor markets	-0.4711821414530277
195	2022-04-30	Cryptocurrencies	surging new cryptocurrency could rocket higher nft hype price prediction reveals bitcoin ethereum crash . survey cryptocurrency experts returned bullish price prediction apecoin apecoin price rocketing 50 percent last week coin developer gears fresh nft sale ...	0.4684651494026184
196	2022-04-30	Finance	new ledgers new business models new opportunities micropayments . examples dropp helium seem indicate real innovation micropayment business models around shared ledgers tokens way beyond bitcoin blockchain cryptocurrency speculation nft madness.	0.12439711764454842
197	2022-04-30	Stock Market	stock market investors ready panic next week . emotions drive stock market expect fear panic selling close order	-0.3826068267226219
198	2022-04-30	Cryptocurrencies	key bitcoin levels watch . looking bitcoin reach 000 000 year predicting might want look tom aspray technical analysis yearly bitcoin trend.	0.05581962876021862
199	2022-04-30	Finance	7 ways save extra cash without sacrificing lifestyle . budget feeling strain inflation budgets realistic ways change save spend money without making huge sacrifices lifestyle.	0.07599985972046852
200	2022-05-01	Finance	neighbors crisis uzbekistan shifts focus investment . kazakhstan trouble china biggest cities lockdown russia bogged war uzbekistan looks better days.	0.0033785011619329453
201	2022-05-01	Finance	china decline . ancient rome often used reference point today empires many declinists draw comparison usa . yet fall rome may relevance china xi jining.	-0.2798305017252763
202	2022-05-01	Cryptocurrencies	elon musk mocks legendary investor warren buffett attack bitcoin price slides signals dogecoin support . tesla billionaire elon musk mocked legendary investor warren buffett berkshire hathaway chief executive attacked bitcoin ...	-0.33856144547462463
203	2022-05-01	Cryptocurrencies	bitcoin crypto braced trillion fed earthquake price ethereum bnb solana cardano xrp terra luna avalanche crater . bitcoin cryptocurrency prices fallen along stock markets year investors brace hawkish federal reserve ...	-0.4837253484874964
204	2022-05-01	Cryptocurrencies	crypto real estate bitcoin mortgages beginning . bitcoin crypto transforming real estate market	0.011259298771619797
205	2022-05-01	Finance	navigate selloff 8 percent dividends . selloff gone seemingly forever hearing investors feeling nervous.	-0.22298835683614016
206	2022-05-01	Finance	china ev maker xpeng says covid affecting supply chain deliveries drop april march . xpeng u.s. traded shares lost half value since january	-0.6201046109199524
207	2022-05-01	Stock Market	stocks week sell short american electric power . market likely move lower . short sale.	-0.3227578978985548
208	2022-05-01	Finance	profit falls world largest ev battery maker catl even sales soar 136 percent first quarter . rising costs hurting earnings	-0.40287089347839355
209	2022-05-01	Finance	make america make . responses inflation thus far repeating errors hollowing us past fifty years . reverse inflation restore national health remain secure perilous world must produce . happily propitious time since 40s.	-0.22096177469938993
210	2022-05-01	Finance	simon brookfield pursue kohl join rival j.c. penney . kohl friday mailed letter shareholders written incoming kohl board chair peter boneparth urging shareholders vote 13 kohl current director nominees ahead kohl may 11 shareholders meeting.	0.009940680116415024
211	2022-05-01	Stock Market	china stock exchanges close may 2 4 labor day holidays . hong kong stock exchange closed may 2 holiday.	-0.1822582669556141
212	2022-05-02	Stock Market	85 percent peak 4 reasons bet carvana stock drop . carvana profits per car derived investors appetite used car loans . interest rates repayment risk rising profits could fade fast.	-0.5795943575600783
213	2022-05-02	Finance	could sec climate rule help carbon taxation . nana ama sarfo looks sec proposed climate disclosure rule questions whether provision mandating public companies disclose internal carbon pricing could help carbon taxation efforts united states globally.	0.04703299142420292
214	2022-05-02	Cryptocurrencies	technical traders apply expertise crypto markets . see technical analysis one discipline several used understand markets goal primarily understand price trends may inflection points well potential areas buying selling pressure . limitations.	0.005964703547457854
215	2022-05-02	Cryptocurrencies	digital banking rebel pioneers leveraging crypto home loans . mortgage rates united states rising quickly yet miami startup racing securitize home loans cryptocurrency.	0.1881356001831591
216	2022-05-02	Stock Market	expect restaurant brands stock post q1 . restaurant brands international inc. stock nyse qsr one largest fast food restaurant chains world combination burger king tim hortons popeyes since late 2021 also firehouse subs.	0.13638071483001113
217	2022-05-02	Finance	broad student debt cancellation would backfire . broad debt cancellation would expensive regressive giveaway affluent households worsens inflation detracts meaningful efforts address college affordability crisis.	-0.9675476551055908
218	2022-05-02	Finance	remarkable example healthy aging widowhood . maureen 89 healthy alert deeply engaged family social connections . secrets healthy aging habits.	0.13785738746325174
219	2022-05-02	Stock Market	stocks could plunge another 15 percent fed spurred selloff economy fall recession . one analyst worries inflation force fed hike rates hurts pushing economy recession.	-0.9745780825614929
220	2022-05-02	Finance	instead market fear let try historical perspective . smart investing means looking years advance weeks.	0.015183011069893837
221	2022-05-02	Finance	3 great 7 percent yields paid monthly . one market secure steady sources generous yield going rare turbulent moment.	0.02957344986498356
222	2022-05-02	Finance	armour reports open 5 6 options contracts expire day . according nextearningsdate.com armour uaa uaa next earnings date projected 5 6 market open earnings estimates .05 share .32 billion revenue.	0.04945144057273865
223	2022-05-02	Finance	musk criticizes twitter executive compensation . compares rivals meta snap alphabet .. musk publicly criticized much twitter pays board directors executives.	-0.9302083849906921
224	2022-05-02	Finance	helix enables banking service fintechs . helix customers include acorns betterment credit karma empower gusto m1.	0.05042046122252941
225	2022-05-02	Stock Market	markets inch higher experts warn continued volatility brutal stock selloff . investors brace uncertainty month analysts warn.	-0.693843424320221
226	2022-05-02	Finance	founding u.s. case study decentralization . today nearly 250 years later might think ideological rift terms centralization strong central authority versus decentralization distributed system . decentralization winning.	0.1357534738878409
227	2022-05-02	Finance	extended student loan pause means . time interest payments financial opportunity borrower . thoughts put best position relief period ends	-0.2539292690344155
228	2022-05-02	Finance	free money 401 k loans usually bad idea . looking buy house needing quick cash uncommon people look retirement accounts easy money . usually advise feel cause damage financial security good like explain.	-0.2995780535663168
229	2022-05-02	Finance	top 10 highest earning college majors . college costs much especially get debt.	-0.31290098652243614
230	2022-05-02	Finance	johnny depp amber heard tax issues . depp suit amber heard defamation means 37 percent federal tax 13.3 percent california tax . depp wins must pay 40 percent lawyer nets . could pay tax unless find way deduct legal fees always possible.	-0.05788793507963419
231	2022-05-02	Finance	facebook billionaire eduardo saverin b capital halts spac plans amid market volatility . b capital investment firm led facebook cofounder eduardo saverin former bain capital executive raj ganguly pursue earlier plan launch special purpose acquisition company spac.	-0.47298672888427973
232	2022-05-02	Stock Market	behind sunpower stock 4x growth since 2018 . sunpower corporation stock price rose 4x 2018 end currently primarily due favorable changes p multiple . period company witness slight rise revenues substantial rise outstanding share count weighed company.	0.9002927243709564
233	2022-05-02	Stock Market	mondelez international stock underperformed p since 2018 . mondelez international inc. stock price rose around 1.65x 2018 end currently primarily due favorable changes p multiple . period company also witnessed slight rise revenues drop outstanding share count also supported ...	0.811339944601059
234	2022-05-02	Stock Market	ny times stock 15 percent month next . new york times stock diversified media company includes newspapers internet businesses television radio stations declined 15 percent last twenty one trading days one month currently stands around . noted broader p500 returned 7 percent fall ...	-0.637731846421957
235	2022-05-02	Stock Market	news corp stock upside . 11 percent decline last six months current price around per share believe news corp stock global diversified media information services company could see gains . nwsa stock declined around last six months largely underperforming ...	-0.08017950256665547
236	2022-05-02	Stock Market	penn stock gather investor optimism . shares penn national gaming draft kings touched pre pandemic levels despite frenzy associated sports betting igaming business u.s. 44 properties across 20 states country penn national omni channel provider conventional ...	0.2928759753704071
237	2022-05-02	Finance	crucial takeaways berkshire hathaway q1 earnings . berkshire quarterly earnings almost .5 billion fell 53 percent versus quarter 2021. operating earnings remove distortion market changes rose fractionally 0.3 percent . due share repurchases per share operating income 1q increased 4 percent versus 2021.	0.00880285973350207
238	2022-05-02	Finance	brutal market yields value seven dividend darlings including intel make buffett munger smile . buffett became billionaire applying rules value investing learned benjamin graham emphasized buying fundamentally sound companies irrationally deep discounts intrinsic value.	-0.1603308692574501
239	2022-05-02	Cryptocurrencies	fidelity new metaverse learning center doomed fail . fidelity new metaverse learning center experience comes created touch business execs trying something cool hip failing miserably.	-0.23497842997312546
240	2022-05-02	Stock Market	happening general electric stock . price general electric stock fallen 15 percent month 19 percent ytd . company recently reported q1 results better street estimates . ge total revenue .0 billion flat marginally .9 billion consensus estimate ...	-0.06946430634707212
241	2022-05-02	Stock Market	stock 4.03 percent yield sells less book . recent navi share price .89 represents price book ratio 0.8 annual dividend yield 4.03 percent comparison average stock dividend channel coverage universe yields 3.7 percent trades price book ratio 2.6	0.04275244101881981
242	2022-05-02	Finance	student loan forgiveness could qualify biden plan . need know means student loans.	0.15617306530475616
243	2022-05-02	Finance	cisco systems network rely upon . economists warn possibility impending recession investors focus putting money stocks companies enduring business models generate significant free cash flow offer attractive yield.	0.45458665024489164
244	2022-05-02	Finance	phillips 66 cash flow increases safety dividend yield . seven new stocks make safest dividend yields model portfolio month . get free look one stocks month portfolio.	0.4954576479891936
245	2022-05-02	Finance	china social media bilibili trims revenue forecast gets bump users amid lockdowns . near term financial impact covid 19 rapidly evolving difficult predict	-0.9417304396629333
246	2022-05-02	Stock Market	cme group stock topped consensus q1 buy . cme group stock lost 1 percent ytd p500 12 percent period . current price per share trading 7 percent fair value trefis estimate cme group valuation . exchange posted better expected earnings recently ...	0.23420119285583496
247	2022-05-03	Finance	get 417 monthly dividend income saved . today want show unthinkable retire seven years starting nest egg.	0.21473102271556854
248	2022-05-03	Finance	4 reasons student loans may get canceled . may get student loan cancellation.	-0.8969506621360779
249	2022-05-03	Finance	adjusting climate change clean energy tax proposals . beth viola nicole elliott holland knight llp discuss latest clean energy tax proposals likelihood passage congress.	0.054571738466620445
250	2022-05-03	Stock Market	watch ny times stock post q1 . new york times stock nyse nyt diversified media company includes newspapers internet businesses television radio stations scheduled report q1 2022 results wednesday may 4.	0.004122125916182995
251	2022-05-03	Finance	12 reasons millionaire . try avoid 12 common financial moves make even harder become millionaire . yes anyone become millionaire.	0.009235235551993052
252	2022-05-03	Finance	fight fed . support economy covid federal reserve massively increased holdings mortgages bonds totaling trillion end first quarter 2022.	0.4816275779157877
253	2022-05-03	Finance	dotdash meredith found hidden value underappreciated brands . vogel believes elements make dotdash attractive many advertisers social media sites subscription based ad services . sites simply closer customer google notes.	-0.22541508078575134
254	2022-05-03	Finance	biden hints 000 income limit student loan forgiveness . president biden administration hinted 000 income limit student loan forgiveness	-0.022136052139103413
255	2022-05-03	Finance	student loan cancellation could limited borrowers earn 000. expect student loan forgiveness limited based income.	-0.8305680155754089
256	2022-05-03	Cryptocurrencies	nft growing pains blue chip success exposes ethereum weaknesses market strengths . day yuga labs raised million selling 10 000 bored ape nfts broader market bottomed 90 percent time high.	-0.009276092052459717
257	2022-05-03	Cryptocurrencies	royal flush inside crypto exclusive gathering . dubbed crypto bahamas four day conference brought together heads state wall street veterans celebrities crypto richest.	0.019076229073107243
258	2022-05-03	Finance	bureau prisons awards program fire local unions . bureau prisons incentive bonus program meant reward go duty make agency better also meant keep morale high . closer look one institution shows plan may rewarding best people demoralizing staff.	0.2570912738641103
259	2022-05-03	Cryptocurrencies	huge 2022 ethereum price prediction comes serious bnb solana cardano avalanche polkadot warning . panel 36 industry experts returned ethereum price prediction almost 800 end 2022 double current level 800 ...	0.4447571076452732
260	2022-05-03	Cryptocurrencies	crypto price alert fed triggers stark 000 bitcoin crash warning . veteran trader warned bitcoin price could fall low 000 000 per bitcoin current price ...	-0.78182253241539
261	2022-05-03	Stock Market	starbucks stock trade higher post fiscal q2 results . overall starbucks rewards accounts 53 percent total store spending stores highest level ever increase three points fiscal q1 2021.	0.939267486333847
262	2022-05-03	Finance	joe manchin made great argument support carbon tax . goal use government policy encourage manufacturers dramatically increase supply evs carbon tax would much efficient ev credit.	0.3448554798960686
263	2022-05-03	Finance	industry driving global water crisis . investors help reverse course .. water among planet valuable resources industry food production mining apparel manufacturing high tech chronically undervalued undermanaged global freshwater.	-0.5362136512994766
264	2022-05-03	Stock Market	nio xpeng li auto chinese ev stocks bottomed tough april . nio saw deliveries april fall 5 074 units 10 000 march 7 100 units april 2021 company temporarily suspended production hefei plant.	-0.9873759150505066
265	2022-05-03	Cryptocurrencies	despite foregone million gain buffett right shun bitcoin . bitcoin 40 percent high challenge musk thiel offer real rebuttal buffett anti bitcoin argument	0.1320841796696186
266	2022-05-03	Finance	30 30 europe founders investors transforming future finance . fresh talent shaping finance investing london budapest.	0.06580641120672226
267	2022-05-03	Finance	man named spooks alibaba hk . quiet night asia china closed labor day japan constitution day many countries muslim populations eid al fitr marks end ramadan fasting.	-0.014634466730058193
268	2022-05-03	Finance	zilingo sidelines communications director amid ongoing internal accounting probe . zilingo high profile fashion technology startup backed singaporean state owned investor temasek holdings sequoia capital india sidelined communications director adding signs internal rift company amid ongoing internal accounting probe.	-0.960405021905899
269	2022-05-03	Stock Market	alibaba shares briefly plunge arrest report person named hangzhou . alibaba shares plunged much 9.4 percent tuesday morning trading hong kong following report cctv individual surnamed many investors feared cofounder jack detained.	-0.9759827852249146
270	2022-05-03	Stock Market	stocks trade may . april short sales returned 12.53 percent . may long short recommendations.	0.2872825500865777
271	2022-05-03	Finance	democrats proposed tax hike reckless solution inflation . senate majority leader chuck schumer new cure inflation raising taxes would economic malpractice epic scale.	0.10660204291343689
272	2022-05-03	Finance	blacktwitter survive elon musk billion social media takeover . since black twitter separate platform rather open secret spark change nostalgia intellectual civic discourse accountability remain new private leadership	-0.014910914935171604
273	2022-05-03	Finance	considering emerging markets bonds may preferable equities . u.s. bond market p 500 nasdaq worst start decades investors looking ways protect portfolios . emerging market bonds offer potential outperform us bonds.	0.2583877742290497
274	2022-05-03	Stock Market	streaming headwinds opportunity buy disney stock . disney seen negative news flow recent weeks relating spat florida lawmakers controversial law much stock correction appears driven apparent concerns disney streaming business following netflix tough q1 earnings.	-0.5451778247952461
275	2022-05-03	Finance	expect cvs health q1 . company expects 70 percent 80 percent cut covid 19 vaccine volume 40 percent 50 percent decline store diagnostic testing volume full year 2022.	-0.47547710919752717
276	2022-05-03	Finance	defining next generation esg investing . clear importance esg issues longer prerogative socially conscious seeking top financial returns well.	0.350997943431139
277	2022-05-03	Finance	roth strategies high earners business owners . roth iras beneficial . many higher earning americans contributions roth iras may reach due irs limits contributions individual roth iras higher income levels . ways higher earning americans still access roth ira.	0.2179069872945547
278	2022-05-03	Finance	biden cancels million student loans 28 000 borrowers . president biden continued surgical approach student loan forgiveness discharging million loans 28 000 borrowers defunct profit cosmetology school.	-0.28180769085884094
279	2022-05-03	Stock Market	stryker stock see higher levels . company management expects full year sales rise higher end guided range 6 percent 8 percent expects adjusted eps toward lower end guided range .60 .00.	0.9105231165885925
280	2022-05-03	Finance	nearly million borrowers get student loan forgiveness says biden coming . president biden touted student loan forgiveness initiatives benefit hundreds thousands borrowers even indicated considering cancelling student debt.	0.39676617085933685
281	2022-05-03	Stock Market	meta platforms stock 38 percent ytd attractive . fb stock currently trading around per share 34 percent fair value trefis estimate meta platforms valuation.	0.536093033850193
282	2022-05-03	Finance	biden canceled student loans cancel student debt . student loans get cancelled	-0.765174150466919
283	2022-05-04	Cryptocurrencies	gamefi another crypto investor boondoggle . gamefi tokens like axie infinity deep bear market . investor sentiment swipe play earn blockchain gamer market growing fast.	0.03318087322016557
284	2022-05-04	Finance	earnings preview expect crocs thursday . crocs inc. scheduled report earnings thursday open . closer look.	-0.029214063038428623
285	2022-05-04	Finance	student loan forgiveness education department launches appeal process public service borrowers . biden administration finally launched formal appeal reconsideration process borrowers denied student loan forgiveness key program people working public service careers . details.	-0.03847896369795004
286	2022-05-04	Cryptocurrencies	crypto winter nfts 92 percent opensea installs 94 percent veve 99 percent crypto apps 64 percent . value collectibles driven rarity true rarity...rare . design . beeple groups like bored ape yacht club started raking multi millions jpegs gifs everyone dog piled nft market.	0.004938508849591017
287	2022-05-04	Finance	biden cancel student loans already paid . student loan cancellation already paid student loans.	-0.8530969321727753
288	2022-05-04	Finance	take 401 k hardship withdrawal . make sense pull money 401 k emergencies pros cons.	0.01858377829194069
289	2022-05-04	Finance	earnings preview expect shopify thursday . shopify inc. scheduled report earnings . closer look.	0.004500342532992363
290	2022-05-04	Finance	dow jumps 900 points federal reserve hikes interest rates half percentage point . markets surged higher widely anticipated rate hike federal reserve.	0.23381198570132256
291	2022-05-04	Cryptocurrencies	coinbase ceo issues stunning crypto prediction price bitcoin ethereum suddenly soar . brian armstrong chief executive major bitcoin crypto exchange coinbase predicted massive influx crypto users coming decade ...	0.335187628865242
292	2022-05-04	Stock Market	finding value stocks trading discount . value investors seek stocks priced attractively relative measure intrinsic worth instance look stocks selling temporarily low multiples price relative book value cash flow earnings sales.	0.07153789885342121
293	2022-05-04	Stock Market	prepare summer travel three hotel stocks . summer around corner travel returning normal consider hotel stocks hilton worldwide marriott international wyndham hotels resorts	0.031235081143677235
294	2022-05-04	Finance	strategies tips improve life late retirement disability . lives change retirement often means dealing onset limitations . steps prepare advance.	-0.0050557858000199
295	2022-05-04	Finance	biden power cancel student loans every federal borrower attorneys general say . attorneys general say president biden legal authority enact wide scale student loan cancellation.	-0.5332880094647408
296	2022-05-04	Finance	update hurn cvs may 4. huron consulting hurn gained 7 percent today reporting favorable quarterly results yet close market yesterday . indeed driven continued strong growth across three operating segments q1 revenues climbed 28.0 percent year year .0 million ...	0.9771880209445953
297	2022-05-04	Cryptocurrencies	bitcoin trailblazer raises capital create interplanetary cryptocurrency . ledgerx founding ceo paul chou building sale company created ftx creating new kind cryptocurrency foundation coin spent earth moon mars beyond.	0.2903149724006653
298	2022-05-04	Finance	space economy solar system needs currency . united states alone u.s. chamber commerce estimates billion invested private space economy past ten years nearly third billion came first three quarters last year alone.	0.04332043416798115
299	2022-05-04	Stock Market	moderna stock jumps nearly 6 percent vaccine sales triple last year . shares moved lower despite strong earnings results vaccine maker.	-0.028933227062225342
300	2022-05-04	Stock Market	several reasons target cooling steel stock . shares united states steel x losing steam past month could soon stage comeback.	-0.4361434536986053
301	2022-05-04	Finance	warren buffett says crytpo produce anything . warren buffett shared opinions crypto . means investors curious crypto.	0.01268419592330853
302	2022-05-04	Stock Market	fed authorizes biggest interest rate hike 22 years fight inflation amid violent stock selloff . federal reserve wednesday raised interest rates 50 basis points since may 2000.	0.21992812305688858
303	2022-05-04	Stock Market	happening novavax stock . covid 19 vaccine developer novavax stock nasdaq nvax rough 2022 far remaining almost 60 percent year date.	0.027435568161308765
304	2022-05-04	Stock Market	internet stocks clipped hong kong mainland markets reopen tomorrow . asian equities mixed mostly lower overnight hong kong significant laggard mainland china closed.	-0.4239517115056515
305	2022-05-04	Finance	meta makes first asia investment mental health startup million seed round . asian mental wellness pioneer singapore jakarta based ami seeks change narratives company well region investors see benefits.	0.36573224514722824
306	2022-05-04	Finance	widjaja family golden energy resources completes .2 billion acquisition bhp australian coal mines . golden energy resources controlled widjaja family completed acquisition 80 percent stake coal miner bhp mitsui coal .2 billion according filing singapore stock exchange tuesday.	0.07464072480797768
307	2022-05-04	Finance	meet mark zuckerberg harvard classmate trying build global startup factory . investing hundreds startups earliest stages targeting overlooked markets magnus grimeland antler putting twist entrepreneurial dream.	0.04838164523243904
308	2022-05-04	Stock Market	fintech stocks tumbled . next . theme fintech stocks includes digital payments lending players card networks insurance technology players tough 2022 declining 25 percent year date marginally underperforming nasdaq 100 remains 21 percent period.	-0.6547413201381763
309	2022-05-04	Cryptocurrencies	revolutionize wall street billion giant pushes nfts price ethereum bitcoin bnb xrp solana cardano dogecoin soar . nft market scored landmark achievement . one world largest asset managers releasing first ever institutional nft . meanwhile price ethereum bitcoin bnb xrp solana cardano dogecoin tick higher.	0.5492748427204788
310	2022-05-04	Finance	russia natural gas leverage last much longer . renewable energy new geopolitical battle front new book says . russia eu battle gas payments supply case point.	0.0985750878850619
311	2022-05-04	Finance	booking holdings trade higher post q1 results . booking holdings derives majority revenue european market undertaken series economic measures response russia invasion ukraine.	0.5252682268619537
312	2022-05-04	Finance	biden cancels student loans must address 5 things . 5 things know student loans.	-0.007804869208484888
313	2022-05-04	Finance	forbes asia 100 watch 2022 nominations open . september 2022 forbes asia recognize small companies startups rise second edition 100 watch list.	0.05391450598835945
314	2022-05-04	Stock Market	benefits staying invested even stocks . running sidelines today market environment could result significantly lower long term returns	-0.4124513864517212
315	2022-05-04	Finance	paris hilton snoop dogg animated bored apes technology could mean brands . jenkins robbins secured strategic investment nft entrepreneur gmoney zoom founder eric yuan billionaire investor mark cuban tony robbins pitbull paris hilton.	-0.010792102664709091
316	2022-05-04	Finance	inflation theme fare big rate hikes loom . outperformance driven surging prices u.s. inflation hitting fresh 40 year highs around 8.5 percent march amid continued supply side constraints following covid 19 reopening tight labor market impacts russian invasion ukraine resulted surging e ...	-0.47412972897291183
317	2022-05-04	Finance	student loan forgiveness benefits loan cancellation . student loan cancellation would provide substantial relief millions borrowers would also help narrow racial wealth gap advance racial equity according new analysis released senator elizabeth warren.	-0.36823664605617523
318	2022-05-04	Stock Market	ex dividend reminder apple national instruments texas instruments . 5 6 22 apple national instruments texas instruments trade ex dividend respective upcoming dividends.	0.00311078317463398
319	2022-05-04	Finance	3 reits hidden inflation hedges yields 8.4 percent . let fall love dividend stocks big mistake dumpster fire year like 2022.	-0.05918694660067558
320	2022-05-04	Finance	weaponizing tax treaties time get tough russia cyprus . david morse coalition prosperous america martin a. sullivan tax notes discuss united states tax response russia invasion ukraine.	-0.029286116361618042
321	2022-05-04	Cryptocurrencies	sanctioning russia blockchain following money network otc providers . unlike west russia vast amount pawnshop like counter providers allow customers cash crypto cash little regulatory oversight . system easily adopted sanction circumvention might investigated legislators.	0.005677536750833194
322	2022-05-04	Stock Market	better pick coca cola stock . look stock returns coca cola 16 percent growth much better 7 percent change home depot last twelve months.	0.4987122416496277
323	2022-05-05	Finance	bank financial inclusion benefit individuals banks credit unions . bank pretty simple concept certified safe bank accounts 3.8 million participants across u.s.	-0.0756886824965477
324	2022-05-05	Cryptocurrencies	week credit card news inflation driving credit card use california embraces cryptocurrency . took place week credit card payment industries	0.05072926031425595
325	2022-05-05	Stock Market	relative strength alert amazon.com . trading thursday shares amazon.com entered oversold territory hitting rsi reading 25.6 changing hands low per share.	-0.48713430436328053
326	2022-05-05	Finance	ongoing saga musk twitter gamble . musk took massive step forward april 24 winning board approval proposed cash takeover .20 per share.	0.26155010610818863
327	2022-05-05	Finance	mainland china gains reopen economic daily editorial marks shift regulatory tone . asian equities mixed though mostly lower overnight failing follow us equities higher hong kong underperformed . mainland china markets reopened outperformance.	-0.63567982117335
328	2022-05-05	Finance	tech casualty shorts . short shopify teledoc docusign.	-0.40680304262787104
329	2022-05-05	Finance	employee ownership wall street agrees ownership works . new organization ownership works established wall street private equity pension funds companies nonprofits others encourage companies embrace employee stock ownership esp . low income workers . expect strong congressional support commonsense idea.	0.020043835509568453
330	2022-05-05	Cryptocurrencies	cartoons video games evolved bitcoin nfts . humans like create images starting cave paintings . came prints cartoons finally video gaming major occupation good fraction world population . short step video games bitcoin nft.	0.008537581306882203
331	2022-05-05	Stock Market	update ezpw hngr otex tpc may 5. shares ezcorp ezpw bucked today brutal market sell rising 8 percent following release quarterly results last night . total revenue q2 fiscal 2022 climbed 16.8 percent year year .0 million much higher average level pawn loans outstanding plo ...	0.9758382737636566
332	2022-05-05	Stock Market	technicals point stock market carnage ahead . trying predict bottom like catching falling pitchfork says stock market pundit jim stack especially federal reserve efforts combat inflation beginning.	-0.43358130753040314
333	2022-05-05	Stock Market	expect armour stock post transition quarter . armour nyse ua sports equipment company manufactures footwear sports casual apparel scheduled report fiscal first quarter transition quarter results friday may 6.	-0.004200785420835018
334	2022-05-05	Stock Market	sell stocks market tanks myth missing best 10 days . well worn myth investing miss best 10 days market significantly lower returns invested time . somewhat absurd also ignores people feel risk.	-0.5614383655289809
335	2022-05-05	Cryptocurrencies	billion crypto crash sends price bitcoin ethereum xrp luna solana cardano avalanche free fall . bitcoin ethereum major cryptocurrencies suddenly crashed wiping around billion combined crypto market mere minutes ...	-0.4212390184402466
336	2022-05-05	Stock Market	stock market panic . safety first rush powerful move	-0.42429620772600174
337	2022-05-05	Finance	40 000 student loan borrowers get immediate debt cancellation automatically questions remain . biden administration indicated tens thousands borrowers eligible immediate student loan forgiveness following sweeping changes key federal student loan programs . questions remain actual timing implementation relief.	-0.007574945688247681
338	2022-05-05	Finance	student loans car payments credit cards cost fed raises interest rates . federal reserve wednesday authorized biggest interest rate hike 22 years doubling policy already driving borrowing costs.	0.06673892587423325
339	2022-05-05	Finance	spirit ceo says jetblue merger bid creates puzzles solved . spirit ceo ted christie said jetblue proposed merger three puzzle pieces make unlikely ever occur.	-0.35643574269488454
340	2022-05-05	Finance	lt group appoints billionaire lucio tan grandson vice chairman conglomerate gears recovery . billionaire lucio tan 29 year old grandson lucio tan iii appointed vice chairman chief operating officer lt group tan reorganizes investment holding company anticipation post pandemic earnings recovery.	0.09545204043388367
341	2022-05-05	Stock Market	amd crushes earnings new chip leadership emerges leaving intel dust . close tuesday executives advanced micro devices amd reported blow first quarter earnings . share price performance important . time buy semiconductor stocks.	-0.34152215998619795
342	2022-05-05	Finance	thai beverage billionaire revives plan list regional beer unit singapore . thai beverage controlled thai billionaire charoen sirivadhanabhakdi revived plans list regional beer business singapore bourse move seen boosting growth potential brewery unit group.	0.5905960500240326
343	2022-05-05	Finance	mortgage rates impact real estate market retirement accounts . 5.25 percent mortgage rate might sound outlandish right used hearing rates historically low recent history.	-0.520857036113739
344	2022-05-05	Stock Market	expect yelp stock post q1 . yelp able maintain high teens revenue growth rates upticks usage review creation 2021 terms company metrics.	0.11204030178487301
345	2022-05-05	Finance	student loan cancellation 3 ways biden could cancel student loans . way biden cancel student loans	-0.5573117956519127
346	2022-05-05	Stock Market	snap stock fairly priced . snap american camera social media company primarily generates revenue advertising snap ads ar ads sponsored filters sponsored lenses.	0.10748577304184437
347	2022-05-05	Stock Market	market rewarding adp stock . 14 percent growth new business bookings worksite employees adp revenues likely expand 9 10 percent fiscal 2022.	0.9445300996303558
348	2022-05-05	Stock Market	fight fed sell stocks . bull markets buy dips . bear markets sell rips.	-0.3159475792199373
349	2022-05-05	Stock Market	paramount streaming push help hurt stock . year year revenue decline largely due impact company tv media division airing super bowl moved comcast year resulting lower advertising sales.	-0.9835111796855927
350	2022-05-05	Finance	need teachers . retirement benefits help front . time need teachers address acute workforce shortfall pensions help serve important recruitment retention tool.	0.035370100289583206
351	2022-05-05	Stock Market	wayfair stock 78 percent peak active customer count falls 23.4 percent . wayfair active customer count decelerating stock lost 78 percent value . long grows	-0.6531505193561316
352	2022-05-05	Stock Market	dow plunges 1 000 points tech shares crater stocks erase gains post fed rally . market worst day since 2020.	-0.7373178601264954
353	2022-05-05	Stock Market	better pick medtronic stock . looking stock returns cvs 18 percent growth much better medtronic 20 percent change last twelve months.	0.4938054531812668
354	2022-05-06	Finance	investors favor macro hedge funds flows strategy outperforming macro . investors also expected robust returns macro funds already poured billions dollars strategy year date.	0.8264116942882538
355	2022-05-06	Finance	investors navigate recent volatility . investors thinking increasing equity exposure historically best time invest feel worst . even highly experienced successful investors find taking plunge difficult particularly prices keep falling	-0.566412599136432
356	2022-05-06	Finance	warren buffett takes another bite apple . legendary investor took advantage dip 1st quarter	0.10981001518666744
357	2022-05-06	Stock Market	robinhood raises acat fee 33 percent fee equates 41 percent median balance . robinhood raising fee transfer assets robinhood brokerage account another institution 33 percent.	0.0791253037750721
358	2022-05-06	Finance	widows forgotten investors . attention ft gave female baby boomer investors come surprise wealth managers aware time widows often neglected financial advisors tend develop relationships male spouse children seen ...	-0.03817923739552498
359	2022-05-06	Stock Market	stock picking challenge 3 best bets . beat market	0.04322813265025616
360	2022-05-06	Finance	another look marcum friedman accountant merger would quicken u.s. firm expansion asia . combined firm approximately billion revenue	0.4636145727708936
361	2022-05-06	Stock Market	stocks fall fifth straight week experts warn selloffs ahead . stocks extended losses thursday brutal selloff.	-0.9686034917831421
362	2022-05-06	Finance	mothers need know retirement . financial security retirement increasingly precarious americans especially women . celebrate mother day three things mothers need know retirement.	-0.3769862713913123
363	2022-05-06	Finance	scamdemic another consequence covid 19. tips older adults avoid falling victim 3 top scams romance cryptocurrency imposter scams	-0.10721565037965775
364	2022-05-06	Cryptocurrencies	bitcoin trades lowest since february suffering losses . bitcoin prices logged additional losses today drop suffered yesterday . analysts weigh drove latest declines.	-0.9816482265790304
365	2022-05-06	Finance	update bery prdo wldn kop may 6. berry global group bery reported earnings yesterday morning . fiscal 2022 q2 net sales grew 12.0 percent year year .78 billion exceeded analysts expectations .6 million higher selling prices million stemming pass inflation made ...	0.48682431876659393
366	2022-05-06	Finance	fed rate hike means markets investors . fed rate hike biggest since 2000. indexes gained immediately following news declining thursday . means investors.	0.2813874629015724
367	2022-05-06	Finance	comparing retirement investment returns right metric . often hear people discuss good investment returns . think also important know expect investment journey . journey surely unique needs values.	0.06413427460938692
368	2022-05-06	Finance	take control career 50. advice expert kerry hannon published book	0.024535665288567543
369	2022-05-06	Finance	washington kill tax credits u.s. companies russia next . senators ron wyden rob portman want take away tax breaks american companies russia.	-0.16376650892198086
370	2022-05-06	Stock Market	benchmark price correction weigh heavily bp stock . recent filings company reiterated long term profitability targets considering brent bbl 2025 bbl 2030.	-0.05962267518043518
371	2022-05-06	Finance	fed best weapon fight inflation gold fed use . federal reserve says actions wednesday show serious fighting inflation . trouble use best weapon possible gold.	-0.1028805769359072
372	2022-05-06	Finance	hong kong single candidate election anoint former policeman city new leader . john lee due formally selected hong kong new leader sunday election features one candidate . first election city top job since beijing passed legislation last year ensures patriots govern hong kong.	0.026863909016052883
373	2022-05-06	Stock Market	moderna strong q1 help beaten stock . total revenues rose around .07 billion earnings per share standing .58 marking three fold increase year ago period company started ramping vaccine sales.	0.9158001244068146
374	2022-05-06	Finance	busted bausch lomb ipo doom ipo market cash burning startups . bausch lomb busted ipo cost parent billions write downs . also signals trouble ahead ipo market venture backed startups	-0.6552640112737814
375	2022-05-06	Finance	u.s. added 428 000 jobs april beating expectations hot labor market spurs fed rate hikes . job gains april surpassed roughly 400 000 new jobs economists forecast.	0.356351763010025
376	2022-05-06	Stock Market	dentsply stock likely offer superior returns pharmaceuticals company . think dentsply stock nasdaq xray dental equipment company currently better pick teva pharmaceuticals stock nyse teva despite expensive two trading 2.0x trailing revenues compared 0.5x teva.	0.8713531196117401
377	2022-05-06	Finance	new plan combat elder poverty help people save retirement . nothing number poor near poor people age 62 increase 25 percent 2018 2045 17.5 million 21.8 million.	0.12026186846196651
378	2022-05-06	Finance	three clever ways cyber criminals hack personal data . three recent data stealing techniques guard malicious qr code usb devices fake charitable organizations.	-0.033726845402270555
379	2022-05-06	Finance	3 ways avoid ukraine linked investment cyber scams . probably getting bombarded countless solicitations help ukraine.	-0.43906249292194843
380	2022-05-06	Stock Market	happening airbnb stock . travel industry witnessing surge demand covid 19 cases recede globally airbnb prime beneficiary given increasing consumer preference home shares company strength cities urban areas travel likely rebound even stronger.	0.5037645623087883
381	2022-05-06	Finance	future retail never murkier . future retail murky ever . one thing clear though . center customer . alive well always interested engaging interesting brands innovative companies great products.	-0.17287418181076647
382	2022-05-06	Finance	higher interest rates finally cool red hot housing market . fed raising interest rates hot housing market finally start cooling	0.32681573182344437
383	2022-05-06	Finance	pcaob officials arrive beijing week review . asian equities followed us equities lower except japan overnight delayed reaction us fed 0.50 percent interest rate hike wednesday bled asian markets.	-0.49123079143464565
384	2022-05-06	Finance	labor market adds 428 000 jobs remains tight . us labor market added 428 000 jobs april another month solid payroll growth.	-0.022216826677322388
385	2022-05-06	Finance	storm clouds hover retirement confidence america . annual survey finds workers feel chipper retirement savings soon change	-0.6461437046527863
386	2022-05-07	Stock Market	stock market price levels nasdaq 100 p 500. support levels areas price chart enough buyers showed previously reverse downward pressure sellers.	0.3271598815917969
387	2022-05-07	Stock Market	stock market selling storm time buy . bear market appears reached bottom	0.25280554313212633
388	2022-05-07	Finance	recession one discuss equity investors rush exit . incoming data tell us recession unfolding . recession recognized business community fed forced stop tightening.	-0.8592778245608012
389	2022-05-07	Finance	7 percent dividends built recession . times like closed end fund cef dividends key tool help see us.	-0.4620518907904625
390	2022-05-07	Finance	government stop punishing poor trying make things little better . punitive rules make people even dependent government aid less.	-0.3403319790959358
391	2022-05-07	Finance	2022 become kentucky derby investing . today kentucky derby horse racing well known event unmistakable metaphor many things see current investment markets.	0.015668500680476427
392	2022-05-07	Finance	biden cancel student loans 5 reasons . 5 reasons biden may cancel student loans.	-0.4413595646619797
393	2022-05-07	Cryptocurrencies	de facto ban serious bitcoin warning issued price crash hits ethereum bnb xrp luna solana cardano avalanche . chief strategy officer billion crypto asset manager coinshares meltem demirors warned governments going try ban bitcoin cryptocurrencies ...	-0.844292014837265
394	2022-05-07	Finance	ukraine war stop . avenue open vladimir putin may use victory day engage much needed risk management declare mission accomplished context much degraded russian army.	-0.2922210171818733
395	2022-05-08	Cryptocurrencies	extreme fear crypto crash suddenly wipes billion price bitcoin ethereum bnb xrp luna solana cardano avalanche . bitcoin ethereum major cryptocurrencies fallen sharply wiping around billion crypto market matter days.	-0.5452895574271679
396	2022-05-09	Finance	billionaire ng family far east perennial buy singapore cbd property million . far east organization sino land partnered perennial holdings buy iconic golden mile complex edge singapore central business district million adding signs robust demand older properties earmarked redevelopment financial hub.	0.48439010605216026
397	2022-05-09	Stock Market	hong kong stock exchange closed buddha birthday may 9. bourses mainland china remain open	-0.054151251912117004
398	2022-05-09	Finance	61st anniversary vast wasteland speech honor newton minow public option social media .. congress answer 55 years ago newt minow vast wasteland speech commercial television public broadcasting act . pba day brings pbs npr via corporation public broadcasting cpb . time add public option social media cpb portfolio.	0.028405775005618732
399	2022-05-09	Stock Market	stocks week sell short bed bath beyond d.h. horton . tradable low unlikely late june . short sales selections.	-0.11754431730757157
400	2022-05-09	Finance	volatility stays high bottom sight . market declines last longer expect mean identify series support levels determine levels tolerate . protective stops important downside targets exceeded patience critical avoid buying early.	0.41621800263722736
401	2022-05-09	Finance	review rich play david wessel . make moment nerdy billionaire excess . 364 guests outfitted lord rings costume made designer oscar moviel	-0.059056551195681095
402	2022-05-09	Finance	four lessons warren buffett charlie munger . buffett munger partnership managing berkshire hathaway produced arguably remarkable extended performance investors ever recorded . market volatility ramped along uncertainty optimal time revisit four timeless lessons.	0.3025379702448845
403	2022-05-09	Finance	dr. fauci diagnoses china bad economic habits . china stubborn embrace lockdowns step omicron phase pandemic.	-0.9495051801204681
404	2022-05-09	Finance	5 apps help teens start investing . 5 apps help parents teach children invest.	0.06024591997265816
405	2022-05-09	Cryptocurrencies	crypto brings transparency crypto reporting needs catch . lack consistent crypto reporting continues drag sector	-0.44946711137890816
406	2022-05-09	Cryptocurrencies	analyst believes bitcoin could soon fall 000. carter braxton worth technical analyst believes bitcoin could break support levels soon fall 000.	-0.9767757654190063
407	2022-05-09	Stock Market	best mid cap dividend stocks 2022. mid cap dividend stocks best bargain board right.	0.09892547875642776
408	2022-05-09	Finance	optimize energy put financial planning . studies suggest 80 percent financial planning recommendations never implemented optimize energy put financial planning.	0.0635675135999918
409	2022-05-09	Finance	ask larry 2022 cola apply benefit rates people born 1960 . today social security column addresses questions 2022 cola applied benefit rates happens divorced spousal benefits ex dies whether ssa actually overpaid benefits.	-0.0025595221668481827
410	2022-05-09	Finance	singapore tycoon kwek leng beng cdl suburban housing project sees robust sales despite property curbs . city developments sold 77 percent residential units piccadilly grand residential condominium jointly developing hongkong land unit mcl land outside singapore central business district despite government property cooling measures.	0.6117812842130661
